{
  "hello": [
    [
      0.0,
      0.0
    ],
    [
      0.2222222222222222,
      -0.0582010582010582
    ],
    [
      0.3862433862433862,
      -0.20105820105820105
    ],
    [
      0.48677248677248675,
      -0.32275132275132273
    ],
    [
      0.582010582010582,
      -0.4074074074074074
    ],
    [
      0.24867724867724866,
      -0.48148148148148145
    ],
    [
      0.3439153439153439,
      -0.656084656084656
    ],
    [
      0.3968253968253968,
      -0.7724867724867724
    ],
    [
      0.43386243386243384,
      -0.8783068783068783
    ],
    [
      0.1164021164021164,
      -0.5185185185185185
    ],
    [
      0.14814814814814814,
      -0.7407407407407407
    ],
    [
      0.1746031746031746,
      -0.8783068783068783
    ],
    [
      0.19576719576719576,
      -1.0
    ],
    [
      -0.010582010582010581,
      -0.5079365079365079
    ],
    [
      -0.010582010582010581,
      -0.708994708994709
    ],
    [
      0.0,
      -0.8465608465608465
    ],
    [
      0.021164021164021163,
      -0.9682539682539683
    ],
    [
      -0.13756613756613756,
      -0.455026455026455
    ],
    [
      -0.18518518518518517,
      -0.6031746031746031
    ],
    [
      -0.20634920634920634,
      -0.708994708994709
    ],
    [
      -0.21164021164021163,
      -0.8201058201058201
    ]
  ],
  "done": [
    [
      0.0,
      0.0
    ],
    [
      0.13114754098360656,
      -0.32786885245901637
    ],
    [
      0.3114754098360656,
      -0.5956284153005464
    ],
    [
      0.43169398907103823,
      -0.8142076502732241
    ],
    [
      0.46994535519125685,
      -1.0
    ],
    [
      0.5355191256830601,
      -0.46994535519125685
    ],
    [
      0.8415300546448088,
      -0.3825136612021858
    ],
    [
      0.7431693989071039,
      -0.3551912568306011
    ],
    [
      0.6229508196721312,
      -0.3825136612021858
    ],
    [
      0.546448087431694,
      -0.2459016393442623
    ],
    [
      0.8469945355191257,
      -0.20765027322404372
    ],
    [
      0.7486338797814208,
      -0.20218579234972678
    ],
    [
      0.6229508196721312,
      -0.2185792349726776
    ],
    [
      0.5300546448087432,
      -0.03825136612021858
    ],
    [
      0.8032786885245902,
      -0.02185792349726776
    ],
    [
      0.6939890710382514,
      -0.0273224043715847
    ],
    [
      0.5737704918032787,
      -0.03278688524590164
    ],
    [
      0.4972677595628415,
      0.14754098360655737
    ],
    [
      0.6775956284153005,
      0.12021857923497267
    ],
    [
      0.5792349726775956,
      0.10382513661202186
    ],
    [
      0.48633879781420764,
      0.10382513661202186
    ]
  ],
  "peace": [
    [
      0.0,
      0.0
    ],
    [
      0.16517857142857142,
      -0.044642857142857144
    ],
    [
      0.25892857142857145,
      -0.19196428571428573
    ],
    [
      0.19196428571428573,
      -0.3169642857142857
    ],
    [
      0.09375,
      -0.41517857142857145
    ],
    [
      0.29910714285714285,
      -0.45535714285714285
    ],
    [
      0.42410714285714285,
      -0.6205357142857143
    ],
    [
      0.5,
      -0.71875
    ],
    [
      0.5535714285714286,
      -0.8125
    ],
    [
      0.15625,
      -0.48660714285714285
    ],
    [
      0.15625,
      -0.7276785714285714
    ],
    [
      0.16071428571428573,
      -0.875
    ],
    [
      0.15625,
      -1.0
    ],
    [
      0.03125,
      -0.44642857142857145
    ],
    [
      0.03125,
      -0.5223214285714286
    ],
    [
      0.07589285714285714,
      -0.3794642857142857
    ],
    [
      0.09821428571428571,
      -0.2857142857142857
    ],
    [
      -0.06696428571428571,
      -0.36607142857142855
    ],
    [
      -0.026785714285714284,
      -0.3482142857142857
    ],
    [
      0.013392857142857142,
      -0.23214285714285715
    ],
    [
      0.03571428571428571,
      -0.15625
    ]
  ],
  "respect": [
    [
      0.0,
      0.0
    ],
    [
      0.10919540229885058,
      0.14942528735632185
    ],
    [
      0.25287356321839083,
      0.25862068965517243
    ],
    [
      0.40804597701149425,
      0.26436781609195403
    ],
    [
      0.5172413793103449,
      0.1781609195402299
    ],
    [
      0.4942528735632184,
      0.1206896551724138
    ],
    [
      0.6839080459770115,
      0.1206896551724138
    ],
    [
      0.8045977011494253,
      0.09770114942528736
    ],
    [
      0.9137931034482759,
      0.07471264367816093
    ],
    [
      0.5172413793103449,
      0.005747126436781609
    ],
    [
      0.735632183908046,
      0.0
    ],
    [
      0.8793103448275862,
      -0.017241379310344827
    ],
    [
      1.0,
      -0.028735632183908046
    ],
    [
      0.4885057471264368,
      -0.09770114942528736
    ],
    [
      0.6954022988505747,
      -0.11494252873563218
    ],
    [
      0.8333333333333334,
      -0.13218390804597702
    ],
    [
      0.9482758620689655,
      -0.13793103448275862
    ],
    [
      0.43103448275862066,
      -0.20114942528735633
    ],
    [
      0.5977011494252874,
      -0.21839080459770116
    ],
    [
      0.7068965517241379,
      -0.22413793103448276
    ],
    [
      0.8103448275862069,
      -0.23563218390804597
    ]
  ],
  "nice": [
    [
      0.0,
      0.0
    ],
    [
      0.20100502512562815,
      -0.04020100502512563
    ],
    [
      0.3768844221105528,
      -0.12060301507537688
    ],
    [
      0.5125628140703518,
      -0.18592964824120603
    ],
    [
      0.6080402010050251,
      -0.2613065326633166
    ],
    [
      0.2864321608040201,
      -0.4221105527638191
    ],
    [
      0.457286432160804,
      -0.46733668341708545
    ],
    [
      0.5376884422110553,
      -0.3969849246231156
    ],
    [
      0.5628140703517588,
      -0.3065326633165829
    ],
    [
      0.21608040201005024,
      -0.49748743718592964
    ],
    [
      0.3417085427135678,
      -0.6884422110552764
    ],
    [
      0.4271356783919598,
      -0.8140703517587939
    ],
    [
      0.4824120603015075,
      -0.9346733668341709
    ],
    [
      0.11055276381909548,
      -0.5175879396984925
    ],
    [
      0.18090452261306533,
      -0.7336683417085427
    ],
    [
      0.23618090452261306,
      -0.8793969849246231
    ],
    [
      0.27638190954773867,
      -1.0
    ],
    [
      -0.010050251256281407,
      -0.49246231155778897
    ],
    [
      -0.07537688442211055,
      -0.6633165829145728
    ],
    [
      -0.10552763819095477,
      -0.7839195979899497
    ],
    [
      -0.12060301507537688,
      -0.8944723618090452
    ]
  ],